URLs,Reservations Open,Fully Booked,Available Hotels,Error Message
https://book.passkey.com/gt/220185083?gtid=7f9773652633a7deb1d421cf34718a4c,Yes,No,2,
https://book.passkey.com/gt/219147750?gtid=2cad93d82c82e5ed81a41efae53d238f,Yes,Yes,,
https://book.passkey.com/go/EDCLV2025,Yes,No,45,
https://book.passkey.com/go/SHUNL5,Yes,No,2,
https://book.passkey.com/go/ATTA2025,Yes,No,1,
https://book.passkey.com/event/50760566/owner/17635/home?lang=en_US,No,,,
https://book.passkey.com/event/50859522/owner/49527047/home,Yes,No,1,
https://book.passkey.com/go/IPCE2024,No,,,
https://book.passkey.com/e/50748968,No,,,
https://book.passkey.com/e/50699171,No,,,
https://book.passkey.com/go/ISS2025,Yes,No,2,
https://book.passkey.com/go/SPICR5,Yes,No,1,
https://book.passkey.com/event/50650481/owner/50168607/home,No,,,
https://book.passkey.com/event/50830934/owner/3623455/home,No,,,
https://book.passkey.com/go/Shoptalk2024FallMeetup,Yes,No,1,
https://book.passkey.com/e/50882640,Yes,No,1,
https://book.passkey.com/event/50691629/owner/22799/home,Yes,No,1,
https://book.passkey.com/event/50444929/owner/10756/landing,No,,,
https://book.passkey.com/event/50799011/owner/3453/home,Yes,No,1,
https://book.passkey.com/e/50808077,Yes,Yes,,
https://book.passkey.com/event/50729925/owner/14793349/home,No,,,
https://book.passkey.com/go/SytelineUserNetwork2025,Yes,No,1,
https://book.passkey.com/go/GannonUniversityRoomBlock,No,,,
https://book.passkey.com/go/MFVExpositionsMoxy,No,,,
https://book.passkey.com/go/SLUE3R,No,,,
https://book.passkey.com/go/SLRS4R,Yes,No,1,
https://book.passkey.com/event/50650481/owner/50168607/home,No,,,
https://book.passkey.com/go/ICMI2024,Yes,No,2,
https://book.passkey.com/gt/219531068?gtid=50c45595a0e444db51d924c1632b510c,No,,,
https://book.passkey.com/e/50863000,Yes,No,1,
https://book.passkey.com/event/50767769/owner/10215024/home,Yes,Yes,,
https://book.passkey.com/event/50888488/owner/502/rooms/list?sort=default,Yes,No,4,
https://book.passkey.com/event/50831589/owner/863/home,Yes,No,1,
https://book.passkey.com/e/50853380,Yes,Yes,,
https://book.passkey.com/e/50849337,No,,,
https://book.passkey.com/event/50691473/owner/14419593/home,Yes,Yes,,
https://book.passkey.com/event/50754144/owner/26124/home,No,,,
https://book.passkey.com/event/50874948/owner/49785631/home?utm_campaign=295100048,Yes,No,1,
https://book.passkey.com/e/50777727,Yes,No,1,
https://book.passkey.com/gt/220226696?gtid=2ad178ff49423619e89774ee20421815,Yes,No,1,
https://book.passkey.com/go/ECK2024,Yes,No,Based,
https://book.passkey.com/go/LuckyLeafExpo,Yes,No,1,
https://book.passkey.com/event/50509951/owner/761/home,No,,,
https://book.passkey.com/go/IMTCattendee,No,,,
https://book.passkey.com/gt/219016398?gtid=e9103113974fd7360d352a795d72908c,Yes,No,1,
https://book.passkey.com/e/50777220,Yes,No,1,
https://book.passkey.com/go/SPNCC2024,Yes,No,1,
https://book.passkey.com/go/G8Tour2025,Yes,No,1,
https://book.passkey.com/event/50694822/owner/18553/home,Yes,Yes,,
https://book.passkey.com/go/24IFMA,Yes,No,0,
https://book.passkey.com/e/50711271,No,,,
https://book.passkey.com/event/50573361/owner/28588/landing,No,,,
https://book.passkey.com/gt/219544887?gtid=6e72d5f8b5dedd356d04f73fdc4e5a39,No,,,
https://book.passkey.com/event/50788589/owner/3416832/home,Yes,No,4,
https://book.passkey.com/go/SAE25,Yes,No,1,
https://book.passkey.com/event/50801741/owner/9554174/landing,Yes,No,13,
https://book.passkey.com/event/50761187/owner/249/home,Yes,Yes,,
https://book.passkey.com/event/50797088/owner/2497/home,Yes,No,1,
https://book.passkey.com/e/50701909,No,,,
https://book.passkey.com/e/50737887,Yes,No,1,
https://book.passkey.com/gt/219835757?gtid=81c968212f004b1b1c40c2fcd61fbd21,Yes,No,1,
https://book.passkey.com/gt/219835749?gtid=fd891b0791df12785afdd8885ecb41df,Yes,No,1,
https://book.passkey.com/event/50864798/owner/1457541/home,Yes,No,1,
https://book.passkey.com/event/50689501/owner/7268/home,No,,,
https://book.passkey.com/event/50726358/owner/12511619/home?&mode=find-res,No,,,
https://book.passkey.com/go/MTS2025,Yes,No,1,
https://book.passkey.com/go/FierceBiotech2024,No,,,
https://book.passkey.com/gt/219589121?gtid=8a8fad5fe7e0d376feba8e873f6a6c75,Yes,No,2,
https://book.passkey.com/gt/219646669?gtid=e092f093b64cfdbb30873245307ef14b,No,,,
https://book.passkey.com/go/SCCC2024,No,,,
https://book.passkey.com/go/NostalgiaCon24,Yes,Yes,,
https://book.passkey.com/go/SCNDS5,Yes,No,1,
https://book.passkey.com/go/SCAMA4,Yes,No,1,
https://book.passkey.com/go/SCBRI4,Yes,No,1,
https://book.passkey.com/go/SCNAM4,Yes,Yes,,
https://book.passkey.com/go/SCNAI4,Yes,No,1,
https://book.passkey.com/go/SCFCD4,Yes,No,1,
https://book.passkey.com/go/SCFDC4,Yes,No,1,
https://book.passkey.com/event/50664746/owner/563/home,No,,,
https://book.passkey.com/go/CiscoLive2024,No,,,
https://book.passkey.com/event/50716050/owner/684/home,Yes,No,1,
https://book.passkey.com/event/50787022/owner/12564/home,Yes,No,1,
https://book.passkey.com/go/NWTF2025Attendees,Yes,No,1,
https://book.passkey.com/gt/219593977?gtid=4d44c1010d8adaf10da75852763bb98b,Yes,Yes,,
https://book.passkey.com/e/50860769,Yes,No,1,
https://book.passkey.com/event/50748814/owner/5590/home,Yes,No,1,
https://book.passkey.com/go/castarball2024,Yes,No,1,
https://book.passkey.com/gt/219718535?gtid=999fb5508aac448c7f703f7d6bec7788,No,,,
https://book.passkey.com/gt/219523500?gtid=75fbfd1b04f56b627241c097b218a798,No,,,
https://book.passkey.com/gt/220099426?gtid=c939a9458f703c830f3503a556bb7d90,Yes,No,1,
https://book.passkey.com/go/SPWEI4,Yes,No,2,
https://book.passkey.com/go/STMRA4,Yes,No,1,
https://book.passkey.com/go/SHJ0H4,Yes,No,1,
https://book.passkey.com/e/50827096,Yes,No,1,
https://book.passkey.com/go/SHOTSHOW2025,Yes,No,1,
https://book.passkey.com/event/50819711/owner/6708/landing,Yes,No,1,
https://book.passkey.com/event/50748297/owner/14227/home,No,,,
https://book.passkey.com/go/2024ASSEMBLY,Yes,No,3,
https://book.passkey.com/event/50807735/owner/107/landing,Yes,No,1,
https://book.passkey.com/go/IBIE2025,Yes,No,1,
https://book.passkey.com/gt/219735071?gtid=920182c349b4be599721f670ec4cc0c5&index=91,Yes,No,1,
https://book.passkey.com/event/50875535/owner/56365/home,Yes,No,1,
https://book.passkey.com/event/50506125/owner/16066798/home,Yes,No,1,
https://book.passkey.com/event/50812505/owner/250/landing,No,,,
https://book.passkey.com/go/1124STPA001,Yes,Yes,,
https://book.passkey.com/event/50849651/owner/2075/home,Yes,Yes,,
https://book.passkey.com/event/50844465/owner/4374/home,Yes,No,1,
https://book.passkey.com/event/50755155/owner/4374/home,Yes,No,1,
https://book.passkey.com/go/AMEBC2025,Yes,No,1,
https://book.passkey.com/event/50660017/owner/2075/home,No,,,
https://book.passkey.com/e/50803499,Yes,No,1,
https://book.passkey.com/gt/220167256?gtid=cb66a7f2898328a772cb53d840e10353,Yes,No,1,
https://book.passkey.com/gt/220162786?gtid=771d57f3c7244db795b82b682bca7bd1,Yes,No,1,
https://book.passkey.com/go/SSHOP0325NY,Yes,No,1,
https://book.passkey.com/gt/219615585?gtid=f97969db4086395382762ce5b6f3f099,Yes,No,1,
https://book.passkey.com/event/50837941/owner/28588/home,Yes,No,1,
https://book.passkey.com/e/50829139,Yes,No,1,
https://book.passkey.com/go/7c948e87,No,,,
https://book.passkey.com/event/50859522/owner/49527047/home,Yes,No,1,
https://book.passkey.com/gt/219670581?gtid=580cde2ae3812ff208161f018c10aa42,Yes,No,1,
https://book.passkey.com/event/50825000/owner/1482103/home,Yes,No,3,
https://book.passkey.com/event/50821645/owner/1482103/home,Yes,No,3,
https://book.passkey.com/e/50823346,Yes,No,1,
https://book.passkey.com/gt/219615585?gtid=f97969db4086395382762ce5b6f3f099,Yes,No,1,
https://book.passkey.com/event/50726358/owner/12511619/home?&mode=find-res,No,,,
https://book.passkey.com/e/50479447,No,,,
https://book.passkey.com/go/UKSG2024,No,,,
https://book.passkey.com/go/UKKISACORESEARCHPLNP2024,Yes,No,1,
https://book.passkey.com/go/KisacoAloft,Yes,No,1,
https://book.passkey.com/gt/219674105?gtid=e3e5b0af93b120d8bfe786dd78d1b692,Yes,Yes,,
https://book.passkey.com/gt/220233267?gtid=6d46ef96a7632f58b3b2813a3d716db2,Yes,No,1,
https://book.passkey.com/go/FierceBiotech2024,No,,,
https://book.passkey.com/event/50795958/owner/52950/home,Yes,No,1,
https://book.passkey.com/go/SCABDAE,Yes,No,1,
https://book.passkey.com/e/50830397,Yes,No,1,
https://book.passkey.com/go/CCMENationalSymposium2025,Yes,No,1,
https://book.passkey.com/gt/219112004?gtid=53e807138589d3da9c97516d564a2e8,No,,,
http://book.passkey.com/go/CADA2025,No,,,
https://book.passkey.com/e/50836193,Yes,No,1,
https://book.passkey.com/event/50726286/owner/210/home,Yes,No,1,
https://book.passkey.com/event/50726286/owner/210/home,Yes,No,1,
https://book.passkey.com/event/50759193/owner/1464965/home,Yes,No,1,
https://book.passkey.com/event/50730425/owner/3958/home,No,,,
https://book.passkey.com/go/ARMA2024,Yes,Yes,,
https://book.passkey.com/event/50809519/owner/49087279/home,Yes,No,1,
https://book.passkey.com/event/50809519/owner/49087279/home,Yes,No,1,
https://book.passkey.com/go/SPLA5R,Yes,No,1,
https://book.passkey.com/gt/219507851?gtid=89d923e91e7141144eea2f52486fc92a,Yes,Yes,,
https://book.passkey.com/gt/219147488?gtid=d22cb18bc460c32d3d572a851ba9428a,No,,,
https://book.passkey.com/event/50784063/owner/49856699/home,Yes,No,3,
https://book.passkey.com/go/PCIPowderCoating2025,Yes,No,1,
https://book.passkey.com/go/PCIPowderCoating2025,Yes,No,1,
https://book.passkey.com/go/PCIPowderCoating2025,Yes,No,1,
https://book.passkey.com/event/50775814/owner/50320471/home?&mode=find-res,Yes,No,0,
https://book.passkey.com/event/50775814/owner/50320471/home?&mode=find-res,Yes,No,0,
https://book.passkey.com/go/NCPA2024,Yes,Yes,,
https://book.passkey.com/go/NCPA2024,Yes,Yes,,
https://book.passkey.com/go/NCPA2024,Yes,Yes,,
https://book.passkey.com/go/NCPA2024,Yes,Yes,,
https://book.passkey.com/go/NCPA2024,Yes,Yes,,
https://book.passkey.com/go/SPECSShow2025,No,,,
https://book.passkey.com/e/50681405,Yes,No,1,
https://book.passkey.com/e/50681405,Yes,No,1,
https://book.passkey.com/event/50726019/owner/5142/home,No,,,
https://book.passkey.com/gt/219822792?gtid=24f6b4952c13b87ac77436377f51a0d0,Yes,No,1,
https://book.passkey.com/e/50654332,Yes,No,1,
https://book.passkey.com/go/SHOTSHOW2025,Yes,No,1,
https://book.passkey.com/e/50068573,No,,,
https://book.passkey.com/go/ResourceRecyclingConference24,Yes,No,1,
https://book.passkey.com/go/AAOMSDental2024,Yes,No,1,
https://book.passkey.com/go/MANTS2025,Yes,No,8,
https://book.passkey.com/go/MANTS2025,Yes,No,8,
https://book.passkey.com/go/MANTS2025,Yes,No,8,
https://book.passkey.com/go/MANTS2025,Yes,No,8,
https://book.passkey.com/event/50789959/owner/12556/home,Yes,No,1,
https://book.passkey.com/e/50347969,No,,,
https://book.passkey.com/event/50871396/owner/49859891/home,No,,,
https://book.passkey.com/event/50565666/owner/241/rooms/list?sort=default,No,,,
https://book.passkey.com/event/50565666/owner/241/rooms/list?sort=default,No,,,
https://book.passkey.com/event/50565666/owner/241/rooms/list?sort=default,No,,,
https://book.passkey.com/event/50565666/owner/241/rooms/list?sort=default,No,,,
https://book.passkey.com/event/50565666/owner/241/rooms/list?sort=default,No,,,
https://book.passkey.com/event/50565666/owner/241/rooms/list?sort=default,No,,,
https://book.passkey.com/event/50565666/owner/241/rooms/list?sort=default,No,,,
https://book.passkey.com/event/50840145/owner/290/home,Yes,No,8,
https://book.passkey.com/e/50848201,Yes,No,1,
https://book.passkey.com/go/Manifest2025,Yes,No,1,
https://book.passkey.com/go/CABDA2025,Yes,No,1,
https://book.passkey.com/event/50617493/owner/760/home,Yes,No,1,
https://book.passkey.com/e/50811335,Yes,No,1,
https://book.passkey.com/event/50652915/owner/1322/landing,No,,,
https://book.passkey.com/event/50841606/owner/68648/home,Yes,No,1,
https://book.passkey.com/gt/220243847?gtid=aeb0af3aab530f997e0f50cfafa0f31,Yes,No,1,
https://book.passkey.com/event/50895732/owner/14234852/home,Yes,No,1,
https://book.passkey.com/event/50792429/owner/817279/home,Yes,Yes,,
https://book.passkey.com/event/50671114/owner/3623455/home,Yes,No,1,
https://book.passkey.com/event/50671114/owner/3623455/home,Yes,No,1,
https://book.passkey.com/e/50717860,No,,,
https://book.passkey.com/gt/220227156?gtid=ef24f93efebffdd53040c266c3497eb3,Yes,No,1,
https://book.passkey.com/e/50717860,No,,,
https://book.passkey.com/e/50717860,No,,,
https://book.passkey.com/event/50831589/owner/863/home,Yes,No,1,
https://book.passkey.com/event/50831589/owner/863/home,Yes,No,1,
https://book.passkey.com/e/50848303,Yes,No,1,
https://book.passkey.com/go/NMSDCATL24,Yes,No,7,
https://book.passkey.com/go/NMSDCATL24,Yes,No,7,
https://book.passkey.com/gt/lodging/219711825?gtid=721933c502576a84ffc223779db3bba0,Error,Error,Error,
https://book.passkey.com/go/SH10FC4,Yes,No,1,
https://book.passkey.com/event/50707156/owner/52950/home,No,,,
https://book.passkey.com/go/GRAPHICSPROEXPO24,No,,,
https://book.passkey.com/event/50539964/owner/27662/home,No,,,
https://book.passkey.com/event/50850141/owner/1449346/home,Yes,No,1,
https://book.passkey.com/e/50890320,Yes,No,1,
https://book.passkey.com/go/VivaFresh,No,,,
https://book.passkey.com/go/CleanFuelsConference,Yes,No,1,
https://book.passkey.com/gt/220106003?gtid=224d24d36d0b39c437766cb9a27ab8bb,Yes,No,1,
https://book.passkey.com/e/50881062,Yes,No,1,
https://book.passkey.com/event/50796280/owner/15592996/home,Yes,No,1,
https://book.passkey.com/go/CreativationbyNAMTA,Yes,No,1,
https://book.passkey.com/go/st06ps3,No,,,
https://book.passkey.com/go/st06ps3,No,,,
https://book.passkey.com/go/st06ps3,No,,,
https://book.passkey.com/go/st06ps3,No,,,
https://book.passkey.com/go/st06ps3,No,,,
https://book.passkey.com/go/st06ps3,No,,,
https://book.passkey.com/gt/219708785?gtid=647323b9368b4e6c28de31bcf12229e6,Yes,No,14,
https://book.passkey.com/e/50777842,Yes,No,1,
https://book.passkey.com/e/50791802,No,,,
https://book.passkey.com/event/50825838/owner/3623455/home,Yes,No,1,
https://book.passkey.com/e/50850266,Yes,No,1,
https://book.passkey.com/event/50277359/owner/23044/home,No,,,
https://book.passkey.com/e/50845671,Yes,Yes,,
https://book.passkey.com/event/50819909/owner/684/home,Yes,Yes,,
https://book.passkey.com/event/50826719/owner/14106173/landing,Yes,Yes,,
https://book.passkey.com/event/50832911/owner/13181/home,No,,,
https://book.passkey.com/go/SCABDAE,Yes,No,1,
https://book.passkey.com/event/50472483/owner/49722822/home,Yes,No,1,
https://book.passkey.com/go/PSTMAttendee24,No,,,
https://book.passkey.com/go/PSTMAttendee24,No,,,
https://book.passkey.com/go/PSTMAttendee24,No,,,
https://book.passkey.com/go/PSTMAttendee24,No,,,
https://book.passkey.com/go/PSTMAttendee24,No,,,
https://book.passkey.com/go/TechSuperShowItExpo2024,No,,,
https://book.passkey.com/e/50866426,Yes,No,1,
https://book.passkey.com/event/50797632/owner/1322/home,Yes,Yes,,
https://book.passkey.com/event/50797632/owner/1322/home,Yes,Yes,,
https://book.passkey.com/gt/219674105?gtid=e3e5b0af93b120d8bfe786dd78d1b692,Yes,Yes,,
https://book.passkey.com/event/50741969/owner/68648/home,Yes,No,1,
https://book.passkey.com/e/50221974,No,,,
https://book.passkey.com/gt/220069819?gtid=4db17c791e49889efd7a6ccf7e408e05,Yes,No,1,
https://book.passkey.com/e/50725842,Yes,No,1,
https://book.passkey.com/go/ReliablePlant2025,Yes,No,1,
https://book.passkey.com/e/50575234,Yes,No,1,
https://book.passkey.com/gt/219240225?gtid=eb8ec51c22fc353daff13a99fe137244,No,,,
https://book.passkey.com/gt/219708785?gtid=647323b9368b4e6c28de31bcf12229e6,Yes,No,14,
https://book.passkey.com/go/NMMA25,Error,Error,Error,
https://book.passkey.com/e/50694484,Yes,No,27,
https://book.passkey.com/gt/219782777?gtid=a249c2ea47f3e6c69a476d1f781f8dfb,No,,,
https://book.passkey.com/e/50837382,Yes,Yes,,
https://book.passkey.com/e/50837382,Yes,Yes,,
https://book.passkey.com/event/50811322/owner/68648/home,Yes,No,1,
https://book.passkey.com/go/LuckyLeafExpo,Yes,No,1,
https://book.passkey.com/go/SPAPU5,Yes,No,2,
https://book.passkey.com/go/ICMI2024,Yes,No,2,
https://book.passkey.com/event/50823660/owner/5142/home,Yes,No,1,
https://book.passkey.com/go/NADP2024,No,,,
https://book.passkey.com/go/EnergyPropulsionAttendeeBlock,Yes,Yes,,
https://book.passkey.com/e/50872255,Yes,No,1,
https://book.passkey.com/go/DCTPE5,Yes,No,2,
https://book.passkey.com/go/side0625mb,Yes,No,1,
https://book.passkey.com/go/side0625mb,Yes,No,1,
https://book.passkey.com/go/side0625mb,Yes,No,1,
https://book.passkey.com/e/50792860,Yes,No,1,
https://book.passkey.com/gt/220107873?gtid=e62369ba9daa9c298b47fc05d01447c4,Yes,No,2,
https://book.passkey.com/e/50864819,Yes,No,16,
https://book.passkey.com/go/saabc1224mb,Yes,No,1,
https://book.passkey.com/e/50781661,Yes,No,1,
https://book.passkey.com/go/ABCKidsExpo,Yes,No,1,
https://book.passkey.com/go/XXXXXXXX,No,,,
https://book.passkey.com/e/50823630,Yes,No,1,
https://book.passkey.com/e/50823630,Yes,No,1,
https://book.passkey.com/e/50823630,Yes,No,1,
https://book.passkey.com/e/50823630,Yes,No,1,
https://book.passkey.com/e/50823630,Yes,No,1,
https://book.passkey.com/e/50823630,Yes,No,1,
https://book.passkey.com/gt/219654725?gtid=33b233b17b96753a5a579cf4a7b5b20a,No,,,
https://book.passkey.com/gt/219654725?gtid=33b233b17b96753a5a579cf4a7b5b20a,No,,,
https://book.passkey.com/gt/219835749?gtid=fd891b0791df12785afdd8885ecb41df,Yes,No,1,
https://book.passkey.com/event/50729392/owner/3453/home,Yes,No,1,
https://book.passkey.com/event/50769437/owner/9745128/home,Yes,No,17,
https://book.passkey.com/event/50769437/owner/9745128/home,Yes,No,17,
https://book.passkey.com/event/50769437/owner/9745128/home,Yes,No,17,
https://book.passkey.com/event/50769437/owner/9745128/home,Yes,No,17,
https://book.passkey.com/event/50769437/owner/9745128/home,Yes,No,17,
https://book.passkey.com/event/50769437/owner/9745128/home,Yes,No,17,
https://book.passkey.com/event/50769437/owner/9745128/home,Yes,No,17,
https://book.passkey.com/event/50769437/owner/9745128/home,Yes,No,17,
https://book.passkey.com/e/50737887,Yes,No,1,
https://book.passkey.com/gt/218171011?gtid=9c98da002030883d8e0ea74d741b14a1,No,,,
https://book.passkey.com/event/50872039/owner/1344/home,Yes,Yes,,
https://book.passkey.com/go/MTNA25,Yes,No,1,
https://book.passkey.com/go/ISS2025,Yes,No,2,
https://book.passkey.com/go/SPIEOPTICSPHOTONICS2024,No,,,
https://book.passkey.com/go/SPIEOPTICSPHOTONICS2024,No,,,
https://book.passkey.com/go/SPIEOPTICSPHOTONICS2024,No,,,
https://book.passkey.com/go/SPIEOPTICSPHOTONICS2024,No,,,
https://book.passkey.com/go/SPIEOPTICSPHOTONICS2024,No,,,
https://book.passkey.com/go/SPIEOPTICSPHOTONICS2024,No,,,
https://book.passkey.com/go/SPIEOPTICSPHOTONICS2024,No,,,
https://book.passkey.com/go/SPIEOPTICSPHOTONICS2024,No,,,
https://book.passkey.com/go/SPIEOPTICSPHOTONICS2024,No,,,
https://book.passkey.com/go/AAHA24,No,,,
https://book.passkey.com/go/AAHA24,No,,,
https://book.passkey.com/go/AAHA24,No,,,
https://book.passkey.com/go/LE2025Exhibitor,Yes,No,4,
https://book.passkey.com/e/50751544,No,,,
